Date,Open,High,Low,Close,Volume,Ticker,EMA12,EMA26,MACD,Signal,Hist,MACD_Buy,MACD_Sell,RSI,RSI_Buy,RSI_Sell,Low_Min,High_Max,RSV,K,D,J,OSC,OSC_Buy,OSC_Sell,BOLL_Mid,BOLL_STD,BOLL_Upper,BOLL_Lower,BOLL_Buy,BOLL_Sell,BIAS,BIAS_Buy,BIAS_Sell,%K,%D,STOCHS_Buy,STOCHS_Sell,+DI,-DI,ADX,ADX_Buy,ADX_Sell,Aroon_Up,Aroon_Down,Aroon_Buy,Aroon_Sell
2022-04-01,45554.1640625,47313.4765625,37697.94140625,37714.875,830115888649,BTC-USD,37714.875,37714.875,0.0,0.0,0.0,False,False,,False,False,,,,,,,,False,False,,,,,False,False,,False,False,,,False,False,,,,False,False,,,False,False
2022-04-01,3282.576171875,3573.960205078125,2727.40625,2730.186767578125,493826441956,ETH-USD,32332.615271935098,35123.416612413195,-2790.8013404780977,-558.1602680956196,-2232.6410723824783,False,True,,False,False,,,,,,,,False,False,,,,,False,False,,False,False,,,False,False,,,,False,False,,,False,False
2022-04-01,122.7361068725586,143.02001953125,82.90953826904297,85.09593200683594,54892178111,SOL-USD,27371.458450407674,32527.985450901615,-5156.527000493941,-1477.8336145752842,-3678.693385918657,False,True,,False,False,,,,,,,,False,False,,,,,False,False,,False,False,,,False,False,,,,False,False,,,False,False
2022-04-01,0.8147090077400208,0.8501539826393127,0.5815759897232056,0.5870910286903381,53410197103,XRP-USD,23160.555164349367,30118.548535355472,-6957.993371006105,-2573.8655658614484,-4384.127805144657,False,True,,False,False,,,,,,,,False,False,,,,,False,False,,False,False,,,False,False,,,,False,False,,,False,False
2022-05-01,37713.265625,39902.94921875,26350.490234375,31792.310546875,1105689315990,BTC-USD,24488.51753089177,30242.53090657914,-5754.013375687369,-3209.8951278266327,-2544.1182478607366,False,True,,False,False,,,,,,,,False,False,,,,,False,False,,False,False,,,False,False,,,,False,False,,,False,False
2022-05-01,2729.994140625,2956.686767578125,1721.2647705078125,1942.3280029296875,636271175493,ETH-USD,21019.872988128373,28146.219580382884,-7126.346592254511,-3993.1854207122087,-3133.1611715423023,False,True,,False,False,,,,,,,,False,False,,,,,False,False,-84.30767136263397,True,False,,,False,False,,,,False,False,,,False,False
2022-05-01,85.09468841552734,95.03282165527344,38.05009078979492,45.76784133911133,59438120663,SOL-USD,17793.087580930023,26064.70463675001,-8271.617055819988,-4848.871747733765,-3422.7453080862233,False,True,,False,False,,,,,,,,False,False,,,,,False,False,-99.24963117375437,True,False,,,False,False,,,,False,False,,,False,False
2022-05-01,0.587086021900177,0.655036985874176,0.3449540138244629,0.4218670129776001,60039548990,XRP-USD,15055.754394173555,24134.017024176897,-9078.262630003343,-5694.74992418768,-3383.5127058156622,False,True,,False,False,,,,,,,,False,False,,,,,False,False,-99.99252594382442,True,False,,,False,False,,,,False,False,,,False,False
2022-06-01,0.4218890070915222,0.4251179993152618,0.2905789911746979,0.3314479887485504,39627643330,XRP-USD,12739.535479375892,22346.336611125924,-9606.801131750031,-6477.160165700151,-3129.6409660498803,False,True,,False,False,0.2905789911746979,47313.4765625,8.63797199962344e-05,8.63797199962344e-05,8.63797199962344e-05,8.637971999623441e-05,,False,False,,,,,False,False,-99.99411312877207,True,False,8.63797199962344e-05,,False,False,,,,False,False,,,False,False
2022-06-01,45.76512908935547,45.946659088134766,26.060319900512695,33.588417053222656,47456191626,SOL-USD,10784.774392864712,20693.54044860202,-9908.766055737307,-7163.481343707583,-2745.2847120297247,False,True,,False,False,0.2905789911746979,39902.94921875,0.08344766789266053,0.050103152623594806,0.030096443462155377,0.09011657094647367,-94.5593539108865,False,True,,,,,False,False,-99.40401595899786,True,False,0.08344766789266053,,False,False,,,,False,False,,,False,False
2022-06-01,31792.5546875,31957.28515625,17708.623046875,19784.7265625,923939211678,BTC-USD,12169.382418962448,20626.220901483353,-8456.838482520905,-7422.152771470248,-1034.6857110506571,False,True,,False,False,0.2905789911746979,39902.94921875,49.581748830629806,23.512461631679162,11.153322058933366,48.23074077717076,-29.576478455307914,False,True,,,,,False,False,444.3548671404781,False,True,49.581748830629806,16.555094292747487,False,False,,,,False,False,,,False,False
2022-06-01,1942.0506591796875,1965.1666259765625,896.1090087890625,1067.298828125,562032668964,ETH-USD,10461.36955883361,19177.411859012365,-8716.042300178755,-7680.93067721195,-1035.111622966805,False,True,,False,False,0.2905789911746979,39902.94921875,2.6740279608102684,14.856496876087471,12.691563906058917,19.18636281614458,-23.706191671530654,False,True,,,,,False,False,-69.40688095238401,True,False,2.6740279608102684,17.446408153110912,False,False,,,,False,False,,,False,False
2022-07-01,19820.470703125,24572.580078125,18966.951171875,23336.896484375,927582363389,BTC-USD,12442.219855070747,19485.52183126145,-7043.301976190702,-7553.404937007701,510.10296081699926,True,False,,False,False,0.2905789911746979,39902.94921875,58.48383717001588,31.60443319745335,19.951954487115547,54.90939061812896,13.385713524471832,True,False,,,,,False,False,216.62380268993164,False,True,58.48383717001588,36.91320465381865,False,False,,,,False,False,,,False,False
2022-07-01,1068.3167724609375,1774.576416015625,1019.2203369140624,1681.517333984375,534457515643,ETH-USD,10786.727159518998,18166.706683315,-7379.979523796001,-7518.719854365361,138.7403305693606,True,False,40.19365931983613,False,False,0.2905789911746979,31957.28515625,5.2609038404055415,21.97815104141934,20.69235413026716,24.54974486372371,15.213452243458434,True,False,,,,,False,False,-78.02146853278936,True,False,5.2609038404055415,22.139589657077234,False,False,336188.3396855422,-336188.3396855422,,False,False,,,False,False
2022-07-01,33.645652770996094,47.09938049316406,31.934066772460938,42.400203704833984,43641808083,SOL-USD,9133.753781701434,16824.165462603134,-7690.4116809017,-7553.058219672629,-137.3534612290705,False,True,39.838238911962,False,False,0.2905789911746979,31957.28515625,0.1317696650473673,14.243322472514453,18.40903986193218,5.911887693679006,91.56179872795019,True,False,,,,,False,False,-99.44630902935108,True,False,0.1317696650473673,21.292170225156266,False,False,267614.26938176155,-267614.26938176155,,False,False,,,False,False
2022-07-01,0.3316450119018554,0.4079389870166778,0.3043299913406372,0.3804579973220825,39650213774,XRP-USD,7728.619424208494,15577.959165965667,-7849.339741757173,-7612.314524089538,-237.02521766763493,False,True,49.092612741381046,False,False,0.2905789911746979,31957.28515625,0.0002812498713860413,9.302873439378786,15.25040608459288,-2.592191851049403,13.618620891335823,True,False,,,,,False,False,-99.99502812481816,True,False,0.0002812498713860413,1.7976515851080983,False,False,261568.19548117265,-261568.19548117265,,False,False,,,False,False
2022-08-01,0.3803519904613495,0.3914799988269806,0.3193919956684112,0.3278700113296509,34012247773,XRP-USD,6539.651492793546,14424.060551450531,-7884.4090586569855,-7666.733431003028,-217.67562765395724,False,True,49.97131877064779,False,False,0.2905789911746979,31957.28515625,0.0001166912616416375,6.119138265188782,12.125360538554057,-5.8933062815417685,9.086718182929342,True,False,,,,,False,False,-99.99247107225175,True,False,0.0001166912616416375,0.044055868726798335,False,False,261139.34981503658,-261139.34981503658,,False,False,,,False,False
2022-08-01,42.401554107666016,48.18428421020508,30.11916160583496,31.47295570373535,34702219748,SOL-USD,5538.393256318191,13357.942951765584,-7819.549695447394,-7697.296683891902,-122.25301155549187,False,True,50.01045399118799,False,False,0.3043299913406372,31957.28515625,0.09753307385904189,4.076514310325477,9.395064281592004,-6.560585632207578,-92.36129062584708,False,True,,,,,False,False,-99.24744841370556,True,False,0.09753307385904189,0.03264367166402319,True,False,261266.4679908327,-261266.4679908327,,False,False,,,False,False
2022-08-01,23336.71875,25135.58984375,19600.78515625,20049.763671875,894192654543,BTC-USD,7770.911781788469,13853.633375477393,-6082.721593688924,-7374.381665851307,1291.6600721623827,True,False,45.68128048827234,False,False,0.3043299913406372,31957.28515625,62.738903436739136,23.85935382126272,14.272886730766562,43.03228800225504,-39.043340581116226,False,True,,,,,False,False,451.6799992127882,False,True,62.738903436739136,20.945517733953274,False,False,203997.50872743982,-203997.50872743982,,False,False,,,False,False
2022-08-01,1681.445556640625,2022.79150390625,1427.7283935546875,1553.6849365234375,554162785316,ETH-USD,6814.415344055387,12942.526083703026,-6128.110739647638,-7125.127480610574,997.0167409629357,True,False,49.844038080931476,False,False,0.3043299913406372,25135.58984375,6.1800794173664775,17.9204894671359,15.498198209854484,22.765071981698735,-35.9404288068053,False,True,7094.698110930622,12100.734040193733,31296.166191318087,-17106.769969456844,False,False,-56.997432063995525,True,False,6.1800794173664775,23.005505309321553,False,False,199423.51667944874,-199423.51667944874,,False,False,,,False,False
2022-09-01,20050.498046875,22673.8203125,18290.314453125,19431.7890625,1123272250385,BTC-USD,8755.549762277635,13423.21223028058,-4667.662468002945,-6633.634478089049,1965.9720100861032,True,False,56.89515892683165,False,False,0.3043299913406372,25135.58984375,77.3075950216367,37.81843154316206,22.976702269661846,67.5018900901625,22.231456150719627,True,False,6180.543814055622,10208.413817656954,26597.37144936953,-14236.283821258286,False,False,183.90080833631214,False,True,77.3075950216367,48.74219262524744,False,False,230327.25331165962,-230327.25331165962,,False,False,,,False,False
2022-09-01,1553.75634765625,1784.497802734375,1229.4267578125,1327.9786376953125,496652295826,ETH-USD,7612.846512341893,12527.26900120019,-4914.422488858297,-6289.792080242899,1375.3695913846022,True,False,50.41842989068981,False,False,0.3043299913406372,25135.58984375,5.282113493308933,26.93571358005095,24.300908759090543,32.20532322197176,25.695434859748477,True,False,6110.433407561481,10238.129600044222,26586.692607649922,-14365.825792526963,False,False,-81.20564074563434,True,False,5.282113493308933,29.5899293107707,False,False,234289.83161130123,-234289.83161130123,,False,False,,,False,False
2022-09-01,31.475082397460938,38.870384216308594,30.195068359375,33.21244430541992,27370651252,SOL-USD,6446.748963413204,11601.783330319095,-5155.03436690589,-6062.840537575497,907.8061706696071,True,False,50.0102797969126,False,False,0.3043299913406372,25135.58984375,0.1309239725805617,17.980332681328676,22.18922770862878,9.562542626728465,92.04530785492906,True,False,6107.83923317641,10239.743121741596,26587.3254766596,-14371.647010306782,False,False,-99.53032165672215,True,False,0.1309239725805617,27.57354416250873,False,False,234350.83716022118,-234350.83716022118,,False,False,,,False,False
2022-09-01,0.3278670012950897,0.552282989025116,0.3159379959106445,0.479773998260498,65966128848,XRP-USD,5455.015241964751,10742.427511332366,-5287.4122693676145,-5907.754883933921,620.3426145663061,True,False,49.989648998492896,False,False,0.3043299913406372,25135.58984375,0.0006979988622919183,11.977982910081453,18.780289542578004,-1.6266303549116472,5.233627770019451,True,False,6107.833867324889,10239.746490542833,26587.326848410557,-14371.659113760777,False,False,-99.9932102502527,True,False,0.0006979988622919183,1.8045784882505955,False,False,234210.4800588318,-234210.4800588318,,False,False,,,False,False
2022-10-01,19431.10546875,20988.39453125,18319.822265625,20495.7734375,957903424925,BTC-USD,7768.978041277866,11464.897579937375,-3695.9195386595084,-5465.387814879038,1769.4682762195298,True,False,50.22127030227528,False,False,0.3159379959106445,25135.58984375,81.54061728689645,35.18908602562672,24.255445430247807,57.05636721638455,31.23344644611293,True,False,5543.007011856139,8982.836355665304,23508.679723186746,-12422.66569947447,False,False,187.03609727366154,False,True,81.54061728689645,27.22407975277977,False,False,151495.55260347467,-151495.55260347467,,False,False,0.0,32.0,False,True
2022-10-01,1328.1937255859375,1652.3822021484375,1209.2781982421875,1572.7144775390625,382071643030,ETH-USD,6815.706723779589,10732.143276056018,-3916.436552276429,-5155.597562358516,1239.1610100820872,True,False,50.15707899900308,False,False,0.3159379959106445,25135.58984375,6.255744597965932,25.53810865071629,24.683289333148583,27.24774728585171,-27.345187810852657,False,True,5524.526335586607,8991.01052114484,23506.54737787629,-12457.494706703073,False,False,-77.98446561065806,True,False,6.255744597965932,29.265686627908224,False,False,147024.45536575146,-147024.45536575146,,False,False,12.0,28.0,False,True
2022-10-01,33.21569061279297,34.45728302001953,26.986404418945312,32.61103820800781,24020285901,SOL-USD,5772.153541383961,9939.58533251172,-4167.431791127759,-4957.964408112365,790.5326169846057,True,False,41.685946013880546,False,False,0.3159379959106445,25135.58984375,0.1284851731999786,17.064411732934126,22.142517341976706,6.908200514848964,-31.396344672088354,False,True,5523.8684954300525,8991.43295170647,23506.734398842993,-12458.99740798289,False,False,-99.1660565617835,True,False,0.1284851731999786,29.308282352687453,False,False,107037.61231111627,-107037.61231111627,447133.3814547987,True,False,8.0,24.0,False,True
2022-10-01,0.4798220098018646,0.5414159893989563,0.4344260096549988,0.4659149944782257,51181808836,XRP-USD,4884.201598862502,9203.35426454748,-4319.152665684979,-4830.2020596268885,511.04939394190933,True,False,49.290855497046486,False,False,0.3159379959106445,22673.8203125,0.0006614636894693148,11.374783942378905,18.55219316206516,-2.9800344969936035,-31.464906132474262,False,True,5523.8706978291275,8991.431527568546,23506.733752966218,-12458.992357307965,False,False,-99.98737087192644,True,False,0.0006614636894693148,2.1282970782851267,False,False,101642.97596024616,-101642.97596024616,413626.9009226135,True,False,4.0,20.0,False,True
2022-11-01,0.4658209979534149,0.5071030259132385,0.3239589929580688,0.4087429940700531,45868433960,XRP-USD,4132.84885180582,8521.654596284265,-4388.8057444784445,-4741.9227965972,353.11705211875596,True,False,49.982037684218284,False,False,0.3159379959106445,22673.8203125,0.00040931034138580723,7.582565445842256,14.894917358223468,-7.042138378920168,-0.5515772916237478,False,True,5523.874562579394,8991.429028468703,23506.7326195168,-12458.983494358014,False,False,-99.98890413692239,True,False,0.00040931034138580723,0.04318531574361124,False,False,101535.96046247652,-101535.96046247652,389901.4282198585,True,False,0.0,16.0,False,True
2022-11-01,20494.8984375,21446.88671875,15599.046875,17168.56640625,1224531549126,BTC-USD,6138.343860181848,9162.166582207652,-3023.822722025804,-4398.302781682922,1374.4800596571176,True,False,56.405380038780336,False,False,0.3159379959106445,21446.88671875,80.05126154555526,31.742026564575145,20.511371106388975,54.20333748094749,-37.484128263200894,False,True,6380.623462039232,9253.293456771806,24887.210375582843,-12125.96345150438,False,False,162.31215153046816,False,True,80.05126154555526,26.68411077319537,False,False,143305.50499643598,-143305.50499643598,373006.75815061043,True,False,20.0,12.0,True,False
2022-11-01,1572.6453857421875,1661.334716796875,1081.13818359375,1295.6885986328125,421797905717,ETH-USD,5393.319973789688,8579.464509350257,-3186.1445355605683,-4155.871132458451,969.7265968978827,True,False,50.43211352462057,False,False,0.3159379959106445,21446.88671875,6.039998999743841,23.173920583696912,21.398966687841153,26.72382837540843,-11.764047643833923,False,True,5456.171563845873,8753.765242638887,22963.702049123647,-12051.3589214319,False,False,-61.265793313552464,True,False,6.039998999743841,28.697223285213497,False,False,147449.2510335786,-147449.2510335786,356765.31546754495,True,False,16.0,8.0,True,False
2022-11-01,32.607608795166016,38.54962158203125,11.01065158843994,14.115445137023926,38530392927,SOL-USD,4565.750046304663,7944.994208297425,-3379.244161992762,-4000.5457383653134,621.3015763725512,True,False,49.99425769174927,False,False,0.3159379959106445,21446.88671875,0.06434365326832019,15.470270652157575,19.422617274482842,7.5655774075070426,-9.000696307010948,False,True,5403.512394696474,8784.669731947008,22972.85185859049,-12165.827069197541,False,False,-99.54249498184733,True,False,0.06434365326832019,28.71853473285581,False,False,147516.92137207303,-147516.92137207303,340515.3802362936,True,False,12.0,4.0,True,False
2022-12-01,0.4087440073490143,0.4089809954166412,0.3343069851398468,0.3399290144443512,21716710638,XRP-USD,3863.3792590292446,7356.5012987209075,-3493.122039691663,-3899.0609986305835,405.9389589389207,True,False,42.35528246417677,False,False,0.3239589929580688,21446.88671875,7.44642470925412e-05,10.313334363869554,16.386069383853375,-1.832135676098087,-8.927603804702747,False,True,4236.684566928447,7768.344292471868,19773.373151872183,-11300.00401801529,False,False,-99.98896309585643,True,False,7.44642470925412e-05,2.0348057057530844,False,False,107983.13556143217,-107983.13556143217,326799.0412125782,True,False,8.0,0.0,True,False
2022-12-01,14.133452415466309,14.887666702270508,8.141267776489258,9.96103858947754,8098818749,SOL-USD,3270.5456866538957,6812.313131303765,-3541.767444649869,-3827.602287834441,285.83484318457204,True,False,49.31479020897244,False,False,0.3239589929580688,21446.88671875,0.04493531063449836,6.890444310304419,13.220777457806292,-5.770221984699326,-8.901810234951553,False,True,4153.106752158701,7806.1814071167655,19765.469566392232,-11459.25606207483,False,False,-99.6767484860379,True,False,0.04493531063449836,0.036451142716637026,True,False,103780.87333696228,-103780.87333696228,313135.80644936586,True,False,4.0,24.0,False,True
2022-12-01,17168.001953125,18318.53125,16398.13671875,16547.49609375,541356716034,BTC-USD,5313.153441591758,7533.437795188671,-2220.284353596913,-3506.138700986936,1285.8543473900227,True,False,48.704335022665425,False,False,0.3239589929580688,21446.88671875,77.15535734148803,30.312494237596834,18.918116662961676,53.101249386867146,-2.475728322628316,False,True,4978.36154666096,8210.695734230045,21399.75301512105,-11443.02992179913,False,False,183.37853028665086,False,True,77.15535734148803,25.73345570545654,False,False,86187.2209932123,-86187.2209932123,292544.3732610162,True,False,0.0,20.0,False,True
2022-12-01,1295.76953125,1346.1744384765625,1160.377197265625,1196.771240234375,161130639970,ETH-USD,4679.86387215216,7064.055087414278,-2384.191215262118,-3281.7492038419723,897.5579885798543,True,False,49.93956496106503,False,False,0.3239589929580688,21446.88671875,5.578736763759951,22.067811670177218,19.96802731831388,26.26738037390389,-2.01028076369458,False,True,5038.181085772812,8176.807787701625,21391.796661176064,-11315.434489630437,False,False,-62.334834258760075,True,False,5.578736763759951,27.59300980529416,False,False,83549.55096670559,-83549.55096670559,271010.04745464545,True,False,28.0,16.0,True,False
2023-01-01,16547.9140625,23919.890625,16521.234375,23139.283203125,690994018045,BTC-USD,7519.774538455674,8254.812725615073,-735.0381871593991,-2772.4070005054577,2037.3688133460587,True,False,58.94196621013797,False,False,0.3239589929580688,23919.890625,96.73653192478461,46.957579792139505,28.964615186680383,82.94350900305774,37.752126258313105,True,False,6195.1288524284955,9019.986277522537,24235.101407473572,-11844.84370261658,False,False,239.38547811224825,False,True,96.73653192478461,59.82354201001086,False,False,136335.1290677275,-136335.1290677275,257007.80344143204,True,False,24.0,12.0,True,False
2023-01-01,1196.713623046875,1674.1793212890625,1192.8853759765625,1586.535400390625,224952954314,ETH-USD,6606.968517214897,7760.866257079929,-1153.8977398650322,-2448.7051483773726,1294.8074085123403,True,False,50.52615900268012,False,False,0.3343069851398468,23919.890625,6.631398477114929,33.51544925180953,30.48156778610876,39.58321218321107,39.37213940136589,True,False,6272.881974662841,8970.625939317006,24214.13385329685,-11668.369903971172,False,False,-77.59151199915263,True,False,6.631398477114929,36.3155557218865,False,False,139771.25478429455,-139771.25478429455,243516.48554506962,True,False,20.0,8.0,True,False
2023-01-01,9.96103572845459,26.65280532836914,9.7210111618042,23.952547073364254,32189311426,SOL-USD,5594.196829500815,7187.761537820184,-1593.564708319369,-2277.677060365772,684.112352046403,True,False,42.23301710458613,False,False,0.3343069851398468,23919.890625,0.09874029339932398,22.376507538579595,27.779871643864254,11.56977932801027,39.36421832589754,True,False,5271.591418422759,8454.726050688107,22181.043519798972,-11637.860682953455,False,False,-99.66187821369171,True,False,0.09874029339932398,34.48889023176629,False,False,120830.96570244856,-120830.96570244856,239135.83027349442,True,False,16.0,4.0,True,False
2023-01-01,0.3399229943752289,0.4311169981956482,0.3216280043125152,0.4063889980316162,31217545739,XRP-USD,4733.613684808079,6655.364860129654,-1921.751175321575,-2206.4918833569327,284.7407080353578,True,False,49.303597968670424,False,False,0.3216280043125152,23919.890625,0.0003543583654444068,14.917772523836188,23.492495333154913,-2.231673094801266,18.43987373124591,True,False,5193.927491046488,8497.700582310707,22189.3286556679,-11801.473673574925,False,False,-99.99426199354893,True,False,0.0003543583654444068,2.2434977096265656,False,False,117666.71916736025,-117666.71916736025,234941.86795943856,True,False,12.0,0.0,True,False
2023-02-01,23137.8359375,25134.1171875,21460.087890625,23147.353515625,723968574897,BTC-USD,7566.49673570299,7876.993649425605,-310.4969137226153,-1827.2928894300694,1516.795975707454,True,False,58.59317308192139,False,False,0.3216280043125152,25134.1171875,92.09525012976248,40.64363814442924,29.209551770984945,63.51181089131782,45.8818090845672,True,False,5379.705713702739,8858.3172973716,23096.340308445935,-12336.92888104046,False,True,182.8925447559152,False,True,92.09525012976248,30.731448260509083,False,False,143856.42215503115,-143856.42215503115,240201.69793714065,True,False,8.0,28.0,False,True
2023-02-01,1586.4881591796875,1732.8011474609375,1470.02392578125,1605.8951416015625,223749343195,ETH-USD,6649.4811058412315,7412.467834031232,-762.9867281900006,-1614.4316571820557,851.4449289920551,True,False,50.5145470714202,False,False,0.3216280043125152,25134.1171875,6.388106045490035,29.22511568208062,29.214739746694523,29.245867552852808,-21.6029464146005,False,True,5393.60153889805,8851.842548406572,23097.286635711193,-12310.083557915093,False,False,-80.5359515696924,True,False,6.388106045490035,32.82790351120598,False,False,145732.63809574503,-145732.63809574503,246500.2210993548,True,False,4.0,24.0,False,True
2023-02-01,23.948514938354492,26.925580978393555,19.84334373474121,21.9163875579834,18758524522,SOL-USD,5629.855764566885,6865.0195787369175,-1235.1638141700323,-1538.5780885796512,303.4142744096189,True,False,50.00682400923664,False,False,0.3216280043125152,25134.1171875,0.08591921384318041,19.51204352210425,25.980505450683545,6.57511966494566,-26.27918511333541,False,True,5393.036736060679,8852.20292913605,23097.44259433278,-12311.369122211421,False,False,-99.50163712039031,True,False,0.08591921384318041,32.856425129698565,False,False,145781.91733296428,-145781.91733296428,252821.07208085302,True,False,0.0,20.0,False,True
2023-02-01,0.4063569903373718,0.4193490147590637,0.3641220033168793,0.3771499991416931,25468965964,XRP-USD,4763.782131556463,6356.527546978564,-1592.7454154221005,-1549.411553948141,-43.33386147395936,False,True,43.887775670095046,False,False,0.3216280043125152,25134.1171875,0.0002209057310812787,13.008099672207756,21.65636821142433,-4.288437406225391,-26.33877405504442,False,True,5393.031604860723,8852.206219489548,23097.44404383982,-12311.380834118372,False,False,-99.99087536686977,True,False,0.0002209057310812787,2.1580820550214326,False,False,104012.02721340317,-104012.02721340317,247207.7181118483,True,False,84.0,16.0,True,False
2023-03-01,23150.9296875,29159.90234375,19628.25390625,28478.484375,883299703608,BTC-USD,8412.197861317009,7995.191015720892,417.00684559611636,-1156.1278740392897,1573.134719635406,True,False,58.88055894122091,False,False,0.3216280043125152,29159.90234375,97.66314208906974,41.2264557575085,28.179732717894836,67.31990183673584,34.47820897334247,True,False,5792.167151735723,9707.643974394648,25207.455100525018,-13623.120797053574,False,True,220.85762021398673,False,True,97.66314208906974,32.583094069548004,False,False,167950.96938695226,-167950.96938695226,250136.53501947317,True,False,96.0,12.0,True,False
2023-03-01,1606.0404052734375,1853.8880615234375,1378.525390625,1822.0220947265625,302468060876,ETH-USD,7398.32466645694,7537.919243795386,-139.59457733844647,-952.8212146991211,813.2266373606747,True,False,50.506639127407176,False,False,0.3216280043125152,29159.90234375,6.247347945365216,29.566750780887013,28.642072166304654,31.416108010051722,-20.004498102538555,False,True,5804.632532595098,9702.099182320026,25208.83089723515,-13599.565832044953,False,False,-80.15084082202179,True,False,6.247347945365216,34.63690364672201,False,False,171149.71010770116,-171149.71010770116,253512.64769599147,True,False,92.0,8.0,True,False
2023-03-01,21.91213607788086,23.831193923950195,16.117345809936523,21.170495986938477,17774918267,SOL-USD,6263.377871000016,6981.1230402540195,-717.7451692540035,-905.8060056100976,188.06083635609411,True,False,50.005779570261616,False,False,0.3216280043125152,29159.90234375,0.07149920359234768,19.734998921380193,25.67304734856205,7.858902067016473,7.018091881676583,True,False,5804.060505484044,9702.457737416857,25208.97598031776,-13600.854969349668,False,False,-99.6024303283979,True,False,0.07149920359234768,34.660663079342434,False,False,171204.27563701358,-171204.27563701358,262544.2391353602,True,False,88.0,4.0,True,False
2023-03-01,0.3771330118179321,0.5803999900817871,0.3524729907512665,0.5384920239448547,51507438643,XRP-USD,5299.864120388313,6464.042703348088,-1164.1785829597757,-957.4805210800332,-206.69806187974245,False,True,49.99738581562619,False,False,0.3216280043125152,29159.90234375,0.00074371446471189,13.156913257501252,21.50100227423151,-3.531264775959265,10.019696210329563,True,False,5804.064134335518,9702.455452563318,25208.97503946215,-13600.846770791117,False,False,-99.98935243228298,True,False,0.00074371446471189,2.1065302878074252,False,False,171157.7151232532,-171157.7151232532,272169.50224768755,True,False,84.0,0.0,True,False
2023-04-01,0.5384719967842102,0.5438410043716431,0.441330999135971,0.4723320007324219,34696733117,XRP-USD,4484.573076020993,5985.259712877913,-1500.6866368569208,-1066.1217442354107,-434.5648926215101,False,True,44.945379470000454,False,False,0.3524729907512665,29159.90234375,0.0004110454739952902,8.771412255749006,17.257805345573953,-8.201373923900888,10.06692646321497,True,False,5804.067313785851,9702.45345064578,25208.97421507741,-13600.83958750571,False,False,-99.99065400542449,True,False,0.0004110454739952902,0.024217987843684955,False,False,157441.34354293346,-157441.34354293346,282348.66261193337,True,False,80.0,60.0,True,False
2023-04-01,21.17135238647461,25.938335418701172,19.947696685791016,22.832014083862305,14256987511,SOL-USD,3798.151374184511,5543.598401856132,-1745.447027671621,-1201.9868009226527,-543.4602267489684,False,True,49.60434471660561,False,False,0.3524729907512665,29159.90234375,0.07709152299244915,5.87330522834206,13.462971820631715,-9.306027956237251,-93.22569137412748,False,True,4946.780594177544,9398.170280635488,23743.12115544852,-13849.559967093432,False,False,-99.54855911057447,True,False,0.07709152299244915,0.026082094310385443,True,False,156157.0106680904,-156157.0106680904,292721.15685498837,True,False,76.0,56.0,True,False
2023-04-01,1821.704345703125,2137.445068359375,1765.5189208984375,1876.92431640625,277179762298,ETH-USD,3502.5779806801634,5271.9929140450295,-1769.414933364866,-1315.4724274110954,-453.9425059537707,False,True,41.711574749941775,False,False,0.3524729907512665,29159.90234375,6.43553090405314,6.060713791934288,10.995552411614705,-3.808963447426546,-88.64459839263901,False,True,4975.842380066216,9387.178099914694,23750.198579895605,-13798.513819763171,False,False,200.7923873324343,False,True,6.43553090405314,2.1710111575065283,True,False,105966.08136423997,-105966.08136423997,288382.7214687759,True,False,72.0,52.0,True,False
2023-04-01,28473.33203125,31005.607421875,27070.849609375,29268.806640625,511540319004,BTC-USD,7466.613159133216,7049.534671569471,417.0784875637446,-968.9622444161274,1386.040731979872,True,False,60.32115625692131,False,False,0.3524729907512665,31005.607421875,94.39836639268628,35.506598518213366,19.165901259771353,68.18799303509739,1.3421487922465556,True,False,6438.576939840615,10753.21413749998,27945.005214840574,-15067.851335159343,False,True,463.02869275777124,False,True,94.39836639268628,33.63699627324396,False,False,130633.68041557926,-130633.68041557926,287077.3537018165,True,False,96.0,48.0,True,False
2023-05-01,29227.103515625,29820.126953125,25878.4296875,27219.658203125,443473015479,BTC-USD,10505.543165901183,8543.61789612914,1961.9252697720422,-382.7847415784935,2344.7100113505358,True,False,60.10308682430768,False,False,0.3524729907512665,31005.607421875,87.78933046997493,52.93417604302087,30.421992988242227,97.95854215257816,31.637576376070736,True,False,7799.542853546142,11585.741122399575,30971.025098345293,-15371.939391253007,False,False,179.70559575711408,False,True,87.78933046997493,62.87440925557146,False,False,158667.71949742522,-158667.71949742522,292482.60424395604,True,False,92.0,44.0,True,False
2023-05-01,1868.89111328125,2017.5594482421875,1742.40380859375,1874.1304931640625,202326166173,ETH-USD,9177.633523941626,8049.581792205801,1128.0517317358244,-80.61744691562991,1208.6691786514543,True,False,50.585857147518524,False,False,0.3524729907512665,31005.607421875,6.043420779033912,37.30392416425962,32.715970065128104,46.47983236252264,33.051444319159415,True,False,7892.751326274872,11527.125263917478,30947.00185410983,-15161.499201560084,False,False,-81.34043144228453,True,False,6.043420779033912,62.743705880565045,False,False,160632.33485924345,-160632.33485924345,298620.54934279656,True,False,88.0,40.0,True,False
2023-05-01,22.82850456237793,23.222301483154297,18.892263412475582,20.82450294494629,9078738922,SOL-USD,7768.893674557521,7454.85903003833,314.0346445191908,-1.687028628665771,315.72167314785656,True,False,41.658264645017795,False,False,0.3524729907512665,31005.607421875,0.06602761366724942,24.89129191502742,30.107744001288918,14.45838774250442,93.98965338216132,True,False,7066.417746734619,11466.252086653558,29998.921920041736,-15866.086426572496,False,False,-99.79273318758686,True,False,0.06602761366724942,31.299592954225364,False,False,134420.19729635544,-134420.19729635544,297272.51722012856,True,False,84.0,36.0,True,False
2023-05-01,0.4722050130367279,0.5271980166435242,0.4129619896411896,0.5173860192298889,28713096386,XRP-USD,6573.758860936246,6902.685574925805,-328.9267139895592,-67.13496570084446,-261.7917482887147,False,True,49.314516823605416,False,False,0.3524729907512665,31005.607421875,0.0005318873486139709,16.594371876523486,25.603286610472054,-1.4234575913736478,93.62603509378985,True,False,7006.605054023862,11501.547831787811,30009.700717599484,-15996.490609551762,False,False,-99.99484853678501,True,False,0.0005318873486139709,2.036660093349925,False,False,132544.033113122,-132544.033113122,295388.43079403957,True,False,80.0,32.0,True,False
2023-06-01,27218.412109375,31389.5390625,24797.16796875,30477.251953125,481734214225,BTC-USD,10251.219336657592,8648.949751088709,1602.2695855688835,266.74594455310114,1335.5236410157822,True,False,60.43055123094436,False,False,0.4129619896411896,31389.5390625,97.09362055364718,43.42745483202268,31.544676031632672,67.1930124328027,31.315773581162908,True,False,7373.503491523862,12142.448639602173,31658.400770728207,-16911.393787680485,False,False,105.78557794267995,False,True,97.09362055364718,32.386726684887684,False,False,179581.8106595959,-179581.8106595959,300216.98698355834,True,False,96.0,28.0,True,False
2023-06-01,1873.9146728515625,1945.2742919921875,1624.1383056640625,1933.18896484375,206194132396,ETH-USD,8971.522356378538,8151.485989144638,820.0363672339008,377.4040290892611,442.63233814463973,True,False,50.553771303522545,False,False,0.4129619896411896,31389.5390625,6.157469936133977,31.004126513909256,31.364492858775613,30.283393824176542,-25.98077820909127,False,True,7390.836169746518,12133.99776697229,31658.8317036911,-16877.15936419806,False,False,-81.14745868154175,True,False,6.157469936133977,34.41720745904326,False,False,181875.24465471506,-181875.24465471506,311340.30376088864,True,False,92.0,24.0,True,False
2023-06-01,20.824892044067383,22.284591674804688,13.379448890686035,18.897321701049805,11396306573,SOL-USD,7594.195427966617,7549.072013778446,45.12341418817141,310.9479061090432,-265.82449192087176,False,True,40.38200743838643,False,False,0.4129619896411896,31389.5390625,0.0588877806034494,20.6890469253557,27.806010877248397,6.455119021570312,-29.99758609982018,False,True,7390.583408477903,12134.159353616958,31658.90211571182,-16877.735298756015,False,False,-99.66967354472658,True,False,0.0588877806034494,34.436659423461535,False,False,113855.64969245877,-113855.64969245877,303612.40094738954,True,False,88.0,20.0,True,False
2023-06-01,0.5173879861831665,0.5613769888877869,0.4565100073814392,0.4740369915962219,35567120709,XRP-USD,6425.930598585845,6989.916608090531,-563.9860095046861,135.96112298629734,-699.9471324909834,False,True,49.249228116160225,False,False,0.4129619896411896,31389.5390625,0.0001945737570375982,13.792762803349197,23.134928182692757,-4.891567955337926,-30.024611265579352,False,True,7390.586790877581,12134.157185190905,31658.90116125939,-16877.72757950423,False,False,-99.99123537506537,True,False,0.0001945737570375982,2.072184096831488,False,False,110460.9510930521,-110460.9510930521,294942.5782310111,True,False,84.0,16.0,True,False
2023-07-01,30471.84765625,31814.515625,28934.294921875,29230.111328125,382224489090,BTC-USD,9934.266095438023,8637.338439204195,1296.9276562338273,368.15442963580335,928.7732265980239,True,False,59.81876033377575,False,False,0.4129619896411896,31814.515625,91.87654505220468,39.820690231729266,28.696848868289496,62.06837295860881,2.7289911839217766,True,False,7694.724681502581,12616.523790498608,32927.7722624998,-17538.322899494633,False,False,184.4297983449413,False,True,91.87654505220468,30.64520913552172,False,False,130978.85720027346,-130978.85720027346,289196.08988290536,True,False,96.0,12.0,True,False
2023-07-01,1933.3238525390625,2026.2049560546875,1832.025390625,1856.162353515625,177596680398,ETH-USD,8691.480904373038,8135.029099523561,556.4518048494774,405.81390467853817,150.63790017093925,True,False,50.526885098444076,False,False,0.4129619896411896,31814.515625,5.833103046101714,28.491494499677042,28.62839741206414,28.217688674902845,-28.665874770969584,False,True,7707.238042098284,12610.289474068137,32927.816990234554,-17513.34090603799,False,False,-82.46589985345584,True,False,5.833103046101714,32.569947557354475,False,False,132364.22604620457,-132364.22604620457,283654.16287189844,True,False,92.0,8.0,True,False
2023-07-01,18.89606475830078,30.057695388793945,17.945798873901367,23.720956802368164,19472024682,SOL-USD,7357.9793739775505,7534.191459321991,-176.2120853444403,289.4087066739425,-465.6207920183828,False,True,50.006533222634886,False,False,0.4129619896411896,31814.515625,0.07326309045902064,19.018750694647977,25.425181838930534,6.205888406082863,-4.854487269065107,False,True,7707.328270560503,12610.23159660345,32927.791463767404,-17513.134922646394,False,False,-99.56952588516562,True,False,0.07326309045902064,32.59430372958847,False,False,132450.0073784164,-132450.0073784164,280083.97199125314,True,False,88.0,4.0,True,False
2023-07-01,0.4740200042724609,0.8875110149383545,0.4606299996376037,0.6985210180282593,62924300591,XRP-USD,6226.090011983778,6976.154945373549,-750.0649333897709,81.51397866119983,-831.5789120509708,False,True,49.99378016977376,False,False,0.4129619896411896,31814.515625,0.0008975863044507102,12.679466324327308,21.17661000014449,-4.314821027307055,-2.1074166163397225,False,True,7707.344339111447,12610.221259372329,32927.7868578561,-17513.098179633213,False,False,-99.98653672527493,True,False,0.0008975863044507102,1.9690879076217283,False,False,132410.26625186205,-132410.26625186205,276691.57993179193,True,False,84.0,0.0,True,False
2023-08-01,23.724891662597656,25.241121292114254,19.54976272583008,19.735092163085938,10668041414,SOL-USD,5271.26617816521,6460.864585876478,-1189.598407711268,-172.70849861329376,-1016.8899090979743,False,True,49.472664390695606,False,False,0.4565100073814392,31814.515625,0.06059768131448312,8.47317677627027,16.942132258464397,-8.464734188117987,-2.0451320181063575,False,True,6284.406874969602,11717.059045866901,29718.524966703404,-17149.7112167642,False,False,-99.61963661740117,True,False,0.06059768131448312,0.04491945269265149,True,False,129794.30347404309,-129794.30347404309,280095.6116617638,True,False,80.0,28.0,True,False
2023-08-01,0.6985030174255371,0.7072110176086426,0.4681060016155243,0.510798990726471,36964136590,XRP-USD,4460.380735215289,5982.319860921977,-1521.9391257066882,-442.55462403197265,-1079.3845016747155,False,True,40.159874104212896,False,False,0.4565100073814392,31814.515625,0.00017064462962366106,5.6488413988838895,13.177701971707204,-9.40887974676274,-94.01886326767153,False,True,6193.33131018281,11760.568724609568,29714.468759401945,-17327.806139036325,False,False,-99.99015515099184,True,False,0.00017064462962366106,0.0205553040828525,False,False,101690.5984205859,-101690.5984205859,275960.88566247904,True,False,76.0,24.0,True,False
2023-08-01,29230.873046875,30176.796875,25409.111328125,25931.47265625,437724169499,BTC-USD,7763.625646143706,7460.034882798127,303.59076334557903,-293.3255465564623,596.9163099020413,True,False,49.6268312181656,False,False,0.4565100073814392,31814.515625,81.50804036829878,30.935241056387095,19.096881666841977,54.61195983547733,-11.967634206984807,False,True,7488.8464181959625,12451.675060806403,32392.19653980877,-17414.50370341684,False,False,459.0225522873026,False,True,81.50804036829878,27.189602898080963,False,False,107590.51471522875,-107590.51471522875,268664.1421221653,True,False,72.0,20.0,True,False
2023-08-01,1856.190185546875,1877.511474609375,1551.7132568359375,1645.63916015625,168678383229,ETH-USD,6822.39695599179,7029.338903343173,-206.94194735138353,-276.0488267154466,69.10687936406305,True,False,49.93340046283082,False,False,0.4565100073814392,31814.515625,5.171244084894416,22.347242065655966,20.180335133142773,26.681055930682355,-6.013050862313124,False,True,7571.101451602578,12404.950247531866,32381.00194666631,-17238.799043461153,False,False,-64.25344070126131,True,False,5.171244084894416,28.893151699274274,False,False,107952.24741612162,-107952.24741612162,261138.41534457644,True,False,68.0,16.0,True,False
2023-09-01,19.73475646972656,21.729970932006836,17.461477279663086,21.3951473236084,7329155898,SOL-USD,5776.088985427454,6510.231958452835,-734.1429730253813,-367.6676559774335,-366.4753170479477,False,True,50.00016655103338,False,False,0.4606299996376037,31814.515625,0.06580273192857902,14.920095620945505,18.426921962378557,7.906442938079401,-5.946567505142523,False,True,7572.147592368722,12404.279058702568,32380.705709773858,-17236.410525036415,False,False,-99.53521566306833,True,False,0.06580273192857902,28.91502906170726,False,False,107951.80781313352,-107951.80781313352,257357.21684697332,True,False,64.0,12.0,True,False
2023-09-01,0.5107880234718323,0.5454570055007935,0.4670790135860443,0.515404999256134,24059040291,XRP-USD,4887.539203823116,6028.030732271089,-1140.491528447973,-522.2324304715414,-618.2590979764316,False,True,49.99999942181184,False,False,0.4606299996376037,30176.796875,0.00018151640137429041,9.946790919370681,15.600211614675098,-1.3600504712381536,-6.012084800623224,False,True,7571.031761914492,12404.994884777783,32381.021531470058,-17238.958007641075,False,False,-99.98880336015263,True,False,0.00018151640137429041,1.7457427777414563,False,False,107951.55168431145,-107951.55168431145,253844.0052142861,True,False,60.0,8.0,True,False
2023-09-01,25934.021484375,27488.763671875,24930.296875,26967.916015625,337637313742,BTC-USD,8284.520251792635,7579.13334585286,705.3869059397757,-276.708563189278,982.0954691290538,True,False,48.954331152500366,False,False,0.4606299996376037,30176.796875,89.36623441188408,36.41993875042181,22.540120659979927,64.17957493130557,93.26756536147283,True,False,8825.58134687543,13050.77620128444,34927.13374944431,-17275.97105569345,False,False,196.52750589473612,False,True,89.36623441188408,29.810739553404677,False,False,79137.94956377575,-79137.94956377575,239494.8822005975,True,False,56.0,4.0,True,False
2023-09-01,1645.581298828125,1692.5311279296875,1533.4267578125,1671.161865234375,134781867370,ETH-USD,7267.080500014442,7141.505828770009,125.57467124443247,-196.2519163025359,321.82658754696837,True,False,49.92038365639692,False,False,0.4606299996376037,30176.796875,5.5364614897924875,26.125446330156727,23.735229216711947,30.90588055704628,7.6941662701202365,True,False,7445.699108105898,12207.22647820821,31860.152064522317,-16968.75384831052,False,False,-82.17050158716978,True,False,5.5364614897924875,31.634292472692646,False,False,77980.58087655476,-77980.58087655476,224652.78737514603,True,False,52.0,0.0,True,False
2023-10-01,26967.396484375,35150.43359375,26558.3203125,34667.78125,476425634860,BTC-USD,11482.572923089143,9180.489193305564,2302.0837297835787,303.41521291468706,1998.6685168688916,True,False,58.855336952660494,False,False,0.4670790135860443,35150.43359375,98.62687680357348,50.292589821382194,32.587682751633736,85.70240396087911,39.29611871559104,True,False,7818.105260449648,12934.185138041534,33686.475536532715,-18050.26501563342,False,True,220.13632936858323,False,True,98.62687680357348,64.50985756841668,False,False,139289.21043702535,-139289.21043702535,228286.1531957984,True,False,96.0,28.0,True,False
2023-10-01,1671.1614990234375,1865.09521484375,1523.237548828125,1816.458984375,192662877051,ETH-USD,9995.478470979275,8635.005474125523,1360.4729968537522,514.8267697025001,845.6462271512521,True,False,50.397420756324685,False,False,0.4670790135860443,35150.43359375,5.166411480363915,35.25053037434019,33.47529862587134,38.80099387127788,40.439977071215814,True,False,7815.221685010195,12935.586398944097,33686.39448289839,-18055.951112878,False,False,-83.2700657758568,True,False,5.166411480363915,36.44324992457663,False,False,141730.3018586976,-141730.3018586976,232753.2033051763,True,False,92.0,24.0,True,False
2023-10-01,21.392059326171875,38.54643249511719,21.068971633911133,38.51951599121094,20346249922,SOL-USD,8463.638631750342,7998.228736485944,465.4098952643981,504.9433948148797,-39.53349955048162,False,True,42.73911905848068,False,False,0.4670790135860443,35150.43359375,0.10825739182901252,23.53643938015115,30.162345543959336,10.28462705253478,40.493477123057765,True,False,7816.106435662508,12935.025822903783,33686.15808147007,-18053.94521014506,False,False,-99.64532113225134,True,False,0.10825739182901252,34.6338485585888,False,False,121282.13584252767,-121282.13584252767,231367.95739692697,True,False,88.0,20.0,True,False
2023-10-01,0.5153679847717285,0.6127369999885559,0.4756369888782501,0.6002820134162903,30841443181,XRP-USD,7161.632731790815,7405.811813932423,-244.17908214160798,355.1188994235822,-599.2979815651902,False,True,49.46582115897812,False,False,0.4670790135860443,35150.43359375,0.0003789562637972967,15.691085905513711,25.33859233113901,-3.6039269457368874,-17.650020209872377,False,True,7816.1105804622175,12935.023186741055,33686.15695394433,-18053.935793019893,False,False,-99.99447274811098,True,False,0.0003789562637972967,1.7583492761522415,False,False,119896.11823239498,-119896.11823239498,229586.79913781126,True,False,84.0,16.0,True,False
2023-11-01,34657.2734375,38415.33984375,34133.44140625,37712.74609375,570863267380,BTC-USD,11861.804018246074,9650.769908733726,2211.0341095123476,726.3019414413353,1484.7321680710124,True,False,58.99227692475772,False,False,0.4670790135860443,38415.33984375,98.17103715453416,43.18440298853997,31.287195883610206,66.9788171983995,42.020594803530095,True,False,8177.885287493467,13681.80801363749,35541.50131476845,-19185.730739781513,False,True,198.09593013971144,False,True,98.17103715453416,32.75989116754233,False,False,150394.59352514573,-150394.59352514573,232150.3114444869,True,False,96.0,12.0,True,False
2023-11-01,1815.8720703125,2134.69140625,1779.635498046875,2052.55615234375,315824566888,ETH-USD,10352.688961953409,9087.939260112245,1264.7497018411632,833.991493521301,430.7582083198622,True,False,50.41840409692092,False,False,0.4670790135860443,38415.33984375,5.341912977032984,30.57023965136503,31.048210472861697,29.61429800837169,-20.68409804845401,False,True,8183.853646868467,13678.966282012365,35541.786210893195,-19174.078917156265,False,False,-83.85692376003615,True,False,5.341912977032984,34.504443029276985,False,False,152927.65800505877,-152927.65800505877,235081.36740922928,True,False,92.0,8.0,True,False
2023-11-01,38.513057708740234,67.99214935302734,37.96105194091797,59.24162292480469,65686484154,SOL-USD,8769.08167902593,8419.146842542805,349.93483648312576,737.180162113666,-387.24532563054026,False,True,50.00799161948254,False,False,0.4756369888782501,38415.33984375,0.15297720595764455,20.43115216955938,27.50919103842648,6.275074431825175,-24.06016957253123,False,True,8185.870861929655,13677.701753139321,35541.274368208295,-19169.532644348987,False,False,-99.14719603749317,True,False,0.15297720595764455,34.55530911250826,False,False,153101.51328252893,-153101.51328252893,238410.96881044153,True,False,88.0,4.0,True,False
2023-11-01,0.6002950072288513,0.740568995475769,0.5792890191078186,0.606357991695404,48123386486,XRP-USD,7420.085475789894,7795.551251094575,-375.4657753046804,514.6509746299968,-890.1167499346772,False,True,50.00001932716983,False,False,0.4756369888782501,38415.33984375,0.0003402875566956883,13.620881542223724,22.879754539691255,-4.896864452711341,-24.13245943735399,False,True,8185.87747797966,13677.697585419512,35541.27264881868,-19169.517692859365,False,False,-99.99087366218448,True,False,0.0003402875566956883,1.8317434901824414,False,False,153100.95738938876,-153100.95738938876,245755.30580598483,True,False,84.0,0.0,True,False
2023-12-01,37718.0078125,44705.515625,37629.359375,42265.1875,721704910480,BTC-USD,12780.87040259145,10348.857639902384,2432.012762689066,898.1233322418108,1533.8894304472556,True,False,53.098814739085874,False,False,0.4756369888782501,44705.515625,94.54126844388364,40.594343842780795,28.784617640721926,64.21379624689853,36.493217821746576,True,False,8837.63128657341,14981.660273081723,38800.95183273686,-21125.689259590035,False,True,208.9148828730944,False,True,94.54126844388364,31.564861979132658,False,False,169590.03384028163,-169590.03384028163,254612.37996670665,True,False,96.0,12.0,True,False
2023-12-01,2052.0966796875,2445.017578125,2046.5570068359375,2281.47119140625,351655489427,ETH-USD,11165.578216255266,9751.2734585323,1414.3047577229663,1001.359617338042,412.94514038492434,True,False,50.113848148436546,False,False,0.4756369888782501,44705.515625,5.1023230379149265,28.763670241157737,28.77763517420053,28.735740375072147,-22.810707442484222,False,True,8858.896728467942,14971.527413152045,38801.95155477204,-21084.15809783615,False,False,-83.77559125030264,True,False,5.1023230379149265,33.21464392311842,False,False,170109.0506511075,-170109.0506511075,263491.9232859903,True,False,92.0,8.0,True,False
2023-12-01,59.23817825317383,125.1938934326172,58.7782096862793,101.50582122802734,96652075134,SOL-USD,9463.41323240492,9036.47585576902,426.93737663590036,886.4751691976137,-459.53779256171333,False,True,50.01431563221404,False,False,0.4756369888782501,44705.515625,0.2259928282498866,19.2511111035212,25.60212715064056,6.549079009282487,3.576011853192366,True,False,8862.785971689224,14969.121358446748,38801.02868858272,-21075.456745204272,False,False,-98.69754593452397,True,False,0.2259928282498866,33.28986143668282,False,False,170552.9591517789,-170552.9591517789,272434.94490579684,True,False,88.0,4.0,True,False
2023-12-01,0.6063500046730042,0.6988379955291748,0.5833830237388611,0.6149410009384155,42932459638,XRP-USD,8007.598110650461,8367.15282504546,-359.554714394998,637.2691924790914,-996.8239068740894,False,True,50.000017781818244,False,False,0.4756369888782501,44705.515625,0.00031160695102280095,12.834177937997545,21.34614407975938,-4.189754345526126,5.662702001792866,True,False,8862.781792688369,14969.12396274359,38801.029718175545,-21075.46613279881,False,False,-99.99174735119965,True,False,0.00031160695102280095,1.7762091577052788,False,False,170553.22398734945,-170553.22398734945,281378.04094908794,True,False,84.0,0.0,True,False
2024-01-01,101.51280975341795,116.88249206542967,79.06669616699219,97.0287094116211,85663698999,SOL-USD,6790.5874335367935,7754.551038702212,-963.9636051654188,317.0226329501894,-1280.986238115608,False,True,44.68976640731995,False,False,0.5792890191078186,44705.515625,0.21574668995756,8.62803418865077,17.106774116056396,-8.329445666160485,5.8176267899955585,True,False,8866.646473550796,14966.730517844613,38800.10750924002,-21066.814562138432,False,False,-98.69895216700323,True,False,0.21574668995756,0.14735037505282314,True,False,152548.573980374,-152548.573980374,291865.27300860203,True,False,80.0,12.0,True,False
2024-01-01,0.6156560182571411,0.6386269927024841,0.4945420026779175,0.5031930208206177,38140686597,XRP-USD,5745.959088842028,7180.177124207295,-1434.2180353652666,-33.22550071290177,-1400.9925346523648,False,True,49.633322207027206,False,False,0.4945420026779175,44705.515625,1.935133444325886e-05,5.752029242878608,13.3218591583304,-9.387630588024972,-94.13247965773809,False,True,8866.6460932523,14966.730754986685,38800.10760322567,-21066.81541672107,False,False,-99.99325272176985,True,False,1.935133444325886e-05,0.07202588274767535,False,False,151413.14337232284,-151413.14337232284,302355.639079426,True,False,76.0,8.0,True,False
2024-01-01,42280.234375,48969.37109375,38521.89453125,42582.60546875,825918941347,BTC-USD,11413.135454981717,9802.57922380305,1610.556231178667,295.530845665412,1315.025385513255,True,False,51.667011132280976,False,False,0.4945420026779175,48969.37109375,86.95750020270354,32.820519562820586,19.821412626493874,58.818733435474016,-4.334467167666489,False,True,9699.2027338773,16363.875747545526,42426.95422896835,-23028.54876121375,False,True,466.96513280314,False,True,86.95750020270354,29.05775541466518,False,False,164665.73823839426,-164665.73823839426,305980.8573367644,True,False,96.0,4.0,True,False
2024-01-01,2282.870361328125,2710.421875,2113.92529296875,2282.54443359375,365409742553,ETH-USD,10008.429143998952,9245.539609713473,762.8895342854794,389.0025833894255,373.88695089605386,True,False,50.09517992818671,False,False,0.4945420026779175,48969.37109375,4.660204710188809,23.433747945276586,21.025524399421453,28.250195036986845,0.2846888869939619,True,False,9731.047997549176,16347.990077379538,42427.02815230825,-22964.9321572099,False,False,-69.60983778593166,True,False,4.660204710188809,30.53924142140893,False,False,166484.58763850588,-166484.58763850588,309517.183876737,True,False,92.0,0.0,True,False
2024-02-01,0.5031759738922119,0.6243829727172852,0.4903469979763031,0.5863249897956848,35390494102,XRP-USD,8468.761017997544,8560.728255289496,-91.96723729195219,292.80861925315,-384.7758565451022,False,True,49.9922695261035,False,False,0.4903469979763031,48969.37109375,0.00019599792838995546,15.622563962827147,19.224537587223345,8.418616714034755,0.35026562023746866,True,False,9730.007556432485,16348.64120552176,42427.289967476005,-22967.274854611038,False,False,-99.99217605398262,True,False,0.00019599792838995546,30.53930030360691,False,False,166360.70603217397,-166360.70603217397,315956.97961811506,True,False,88.0,20.0,True,False
2024-02-01,97.02484130859376,134.4656982421875,93.2807388305664,125.71151733398438,65774857231,SOL-USD,7185.214940972381,7935.912200626125,-750.6972596537444,84.10744347177115,-834.8047031255155,False,True,50.02548758666281,False,False,0.4903469979763031,48969.37109375,0.25571581058510034,10.500281245413115,16.31645213995326,-1.1320605436671727,0.2742911981624294,True,False,9736.267362049222,16344.743267693311,42425.75389743585,-22953.2191733374,False,False,-98.32715419619743,True,False,0.25571581058510034,1.6387055062340998,False,False,166653.90502789192,-166653.90502789192,322636.6634460432,True,False,84.0,16.0,True,False
2024-02-01,42569.76171875,63913.1328125,41879.19140625,61198.3828125,830721862621,BTC-USD,15494.933075053554,11881.280394098263,3613.6526809552906,790.0164909684751,2823.6361899868157,True,False,54.36867058248975,False,False,0.4903469979763031,63913.1328125,95.75240532189648,38.9176559375743,23.850186739160293,69.05259433440233,95.43369455165937,True,False,11447.790701892973,19693.30020418106,50834.39111025509,-27938.80970646915,False,True,245.78504832540725,False,True,95.75240532189648,32.00277237680332,False,False,293454.21194753476,-293454.21194753476,343073.7517920988,True,False,96.0,12.0,True,False
2024-02-01,2282.17529296875,3518.96923828125,2243.57177734375,3341.919677734375,435402067623,ETH-USD,13625.238706235219,11248.735155849086,2376.5035503861327,1107.3139028520065,1269.1896475341262,True,False,50.221545892579606,False,False,0.4903469979763031,63913.1328125,5.228119511002841,27.687810462050468,25.129394646790352,32.8046420925707,22.02367416632807,True,False,11531.328592517972,19653.14825158269,50837.625095683354,-27774.967910647407,False,False,-81.6934194665896,True,False,5.228119511002841,33.74541354782814,False,False,300028.08018135175,-300028.08018135175,364088.09781728353,True,False,92.0,8.0,True,False
2024-03-01,61168.0625,73750.0703125,59323.91015625,71333.6484375,1446417844950,BTC-USD,22503.455587968263,15699.469473008414,6803.986114959849,2246.648345273575,4557.3377696862735,True,False,59.98266611034689,False,False,0.4903469979763031,73750.0703125,96.72347710165897,50.699699341919995,33.65282954516691,84.79343893542617,50.30679066592161,True,False,13364.621951892972,23297.256687626643,59959.13532714626,-33229.891423360314,False,True,209.51203740488,False,True,96.72347710165897,65.90133397818609,False,False,402857.5734587652,-402857.5734587652,399767.53498531727,True,False,96.0,4.0,True,False
2024-03-01,3341.9658203125,4092.2841796875,3059.65478515625,3647.8564453125,670105166249,ETH-USD,19602.59418140584,14806.757396882791,4795.836784523048,2756.48603312347,2039.3507513995778,True,False,50.42947427242392,False,False,0.4903469979763031,73750.0703125,4.945609317396328,35.4483360004121,34.25133169691531,37.84234460740568,51.28857976770437,True,False,13456.191824939848,23253.034864028352,59962.261552996555,-33049.87790311685,False,False,-84.32693473490399,True,False,4.945609317396328,35.63240197668605,False,False,410232.3457055858,-410232.3457055858,436500.59045905975,True,False,92.0,0.0,True,False
2024-03-01,125.63670349121094,209.6960601806641,109.53875732421876,202.87413024902344,180057639872,SOL-USD,16618.021865843253,13724.98826602103,2893.0335998222236,2783.795546463221,109.2380533590026,True,False,44.54866663378756,False,False,0.4903469979763031,73750.0703125,0.2744202520824072,23.72369741763553,30.742120270488716,9.686851711929158,51.28543613736248,True,False,13464.409555652737,23248.07193643419,59960.55342852112,-33031.73431721564,False,False,-99.12960932379033,True,False,0.2744202520824072,33.98116889037924,False,False,360403.78179741756,-360403.78179741756,463759.6973100792,True,False,88.0,20.0,True,False
2024-03-01,0.5862429738044739,0.7421259880065918,0.5502349734306335,0.6292250156402588,78055400876,XRP-USD,14061.499921100543,12708.369077798408,1353.130843302135,2497.662605831004,-1144.531762528869,False,True,49.670414681397155,False,False,0.4903469979763031,73750.0703125,0.00018831024899249447,15.815861048506683,25.766700529828036,-4.0858179141360225,-14.975848899710197,False,True,13464.411002802848,23248.071054227083,59960.55311125702,-33031.73110565131,False,False,-99.99729801989764,True,False,0.00018831024899249447,1.7400726265759092,False,False,357559.00550974265,-357559.00550974265,490538.2622898841,True,False,84.0,16.0,True,False
2024-04-01,71333.484375,72715.359375,59120.06640625,60636.85546875,1016068331704,BTC-USD,21226.939236123537,16258.627328980008,4968.3119071435285,2991.792466093509,1976.5194410500194,True,False,57.48323397313064,False,False,0.4903469979763031,73750.0703125,82.21926843531313,37.95033017744216,29.827910412366077,54.195169707594324,33.96576239342081,True,False,14610.616471552848,25005.226158780646,64621.06878911414,-35399.83584600844,False,False,161.43377534306197,False,True,82.21926843531313,27.49795899921484,False,False,454193.8432597688,-454193.8432597688,531058.3885910256,True,False,80.0,12.0,True,False
2024-04-01,3647.819580078125,3727.616455078125,2862.3935546875,3012.286865234375,480678795896,ETH-USD,18424.68502521751,15277.41692425811,3147.2681009594,3022.8875930666873,124.38050789271256,True,False,50.32594073298733,False,False,0.5502349734306335,73750.0703125,4.083737259706861,26.661465871530396,28.772428898754185,22.439539817082817,-33.66068495128172,False,True,14658.60300719738,24980.767008480154,64620.13702415769,-35302.93100976293,False,False,-86.98179005890549,True,False,4.083737259706861,28.76773133508966,False,False,460373.18215561763,-460373.18215561763,572461.239757921,True,False,76.0,8.0,True,False
2024-04-01,202.8744354248047,204.1797637939453,119.83334350585938,126.96270751953124,119806741353,SOL-USD,15609.650822494745,14155.16105635155,1454.489766143195,2709.208027681989,-1254.7182615387937,False,True,50.00322019302357,False,False,0.5502349734306335,73750.0703125,0.17140785785889043,17.831446533639895,25.12543477704942,3.243470046820846,-37.16003437346904,False,True,14661.989061427117,24978.688467920227,64619.36599726757,-35295.38787441334,False,False,-98.87356971476599,True,False,0.17140785785889043,28.82480451762629,False,False,460705.54375840083,-460705.54375840083,616483.6640119248,True,False,72.0,4.0,True,False
2024-04-01,0.6292250156402588,0.6412580013275146,0.4336340129375458,0.50006502866745,51366166806,XRP-USD,13208.24301365381,13106.667649586892,101.57536406691725,2187.681494958975,-2086.1061308920575,False,True,49.999999663523404,False,False,0.4336340129375458,73750.0703125,9.007639728384215e-05,11.887661047892358,20.712843533997066,-5.762703924317059,-37.320261512124674,False,True,14661.983746778966,24978.691751576414,64619.36724993179,-35295.39975637387,False,False,-99.99531043281398,True,False,9.007639728384215e-05,1.4184117313210116,False,False,460705.9976083891,-460705.9976083891,660668.35747422,True,False,68.0,96.0,False,True
2024-05-01,0.5000619888305664,0.5688809752464294,0.48020800948143,0.517799973487854,33692882513,XRP-USD,11176.285288472222,12135.841734800715,-959.5564463284936,1558.2339067014811,-2517.7903530299745,False,True,44.95752054851674,False,False,0.4336340129375458,73750.0703125,0.00011412389855862114,7.925145406561092,16.45027749151841,-9.125118763353544,-10.364993072278907,False,True,12548.750261777639,24299.092902508506,61146.93606679465,-36049.43554323937,False,False,-99.99512870909197,True,False,0.00011412389855862114,0.057204019384910966,False,False,386081.79839743034,-386081.79839743034,692299.2232112252,True,False,64.0,92.0,False,True
2024-05-01,60609.49609375,71946.4609375,56555.29296875,67491.4140625,874291509757,BTC-USD,19840.151253707267,16236.254499815477,3603.8967538917896,1967.366476139543,1636.5302777522465,True,False,57.25470854805177,False,False,0.4336340129375458,72715.359375,92.8158555354813,36.22204878286783,23.040867921968214,62.58441050466706,-31.576198965816783,False,True,15809.247405332328,27066.32677366531,69941.90095266295,-38323.40614199829,False,False,208.48860947586604,False,True,92.8158555354813,30.93868657859238,False,False,491758.0225882785,-491758.0225882785,738766.8567754785,True,False,60.0,88.0,False,True
2024-05-01,3011.015625,3973.556396484375,2815.92333984375,3760.026611328125,494712697510,ETH-USD,17366.285924110474,15312.089471038636,2054.196453071838,1984.7324715260022,69.46398154583562,True,False,50.367942104190924,False,False,0.4336340129375458,72715.359375,5.170318114202551,25.87147189331274,23.984402579083056,29.645610521772106,2.7930020533993316,True,False,15992.173444837332,26966.759453181076,69925.69235119948,-37941.34546152482,False,False,-69.67382489170765,True,False,5.170318114202551,32.66209592452747,False,False,500025.8727358921,-500025.8727358921,786433.3091617238,True,False,56.0,84.0,False,True
2024-05-01,126.9625473022461,188.49383544921875,119.3848114013672,165.63771057128906,92091937719,SOL-USD,14720.032352796754,14190.13008137439,529.9022714223647,1693.7664315052748,-1163.86416008291,False,True,50.00388127973473,False,False,0.4336340129375458,72715.359375,0.22719417626418792,17.323379320963223,21.764061493043112,8.442014976803442,5.493806465974985,True,False,16000.42458331585,26961.633677905254,69923.69193912635,-37922.84277249466,False,False,-98.61090859674022,True,False,0.22719417626418792,32.73778927531601,False,False,500225.33034043654,-500225.33034043654,834086.3699206588,True,False,52.0,80.0,False,True
2024-06-01,0.517799973487854,0.5306640267372131,0.4635969996452331,0.4754830002784729,31415782516,XRP-USD,12455.485142058835,13139.0445555689,-683.5594135100655,1218.3012625022068,-1901.8606760122723,False,True,43.25175380899238,False,False,0.4336340129375458,72715.359375,5.755212827968027e-05,11.548938731351576,18.359020572479267,-2.0712249509038045,5.6517031263540485,True,False,15995.596921995282,26964.639638465545,69924.87619892637,-37933.68235493581,False,False,-99.99600538356836,True,False,5.755212827968027e-05,1.799189947531673,False,False,342840.51363170147,-342840.51363170147,841141.5558755397,True,False,48.0,76.0,False,True
2024-06-01,165.63772583007812,175.47531127929688,123.6693344116211,146.49249267578125,62485827625,SOL-USD,10561.793965230672,12176.63329165089,-1614.8393264202186,651.6731447177217,-2266.5124711379403,False,True,49.59625679746107,False,False,0.4336340129375458,71946.4609375,0.20301170771629884,7.7669630568064845,14.828334733921672,-6.355780297423891,5.753551189018849,True,False,16002.896386978031,26960.101171119375,69923.09872921678,-37917.305955260716,False,False,-98.7718014266265,True,False,0.20301170771629884,0.1434211453695888,True,False,334100.5744597741,-334100.5744597741,846009.0550581714,True,False,44.0,72.0,False,True
2024-06-01,67489.609375,71907.8515625,58601.69921875,62678.29296875,726773965644,BTC-USD,18579.71688884903,15917.49697143601,2662.21991741302,1053.7824992567814,1608.4374181562387,True,False,48.89109330068147,False,False,0.4336340129375458,71946.4609375,87.11788778878025,34.21727130079774,21.291313589547027,60.069186723299175,-2.8247798795404613,False,True,17007.68076197803,28341.91050126448,73691.50176450699,-39676.14024055093,False,False,180.14243471377563,False,True,87.11788778878025,29.106985682874946,False,False,326100.5186562027,-326100.5186562027,835043.7615149483,True,False,40.0,68.0,False,True
2024-06-01,3759.88427734375,3887.48583984375,3244.241455078125,3432.88916015625,401807474721,ETH-USD,16249.435699819373,14992.71120763751,1256.724492181862,1094.3708978417976,162.35359434006432,True,False,49.971850016215,False,False,0.4336340129375458,71946.4609375,4.770875689444702,24.401806097013395,22.32814442536915,28.54912944030189,-3.5961669288735045,False,True,17065.197998306154,28311.6054768562,73688.40895201855,-39558.012955406244,False,False,-70.65230049228313,True,False,4.770875689444702,30.697258395313753,False,False,323319.19715787686,-323319.19715787686,822627.5974367043,True,False,36.0,64.0,False,True
2024-07-01,62673.60546875,69987.5390625,53717.375,64619.25,953395573307,BTC-USD,23690.945592154854,18668.75111818288,5022.194473971973,1879.9356130678327,3142.2588609041404,True,False,57.327265710127534,False,False,0.4635969996452331,71946.4609375,89.81567952582219,46.206430573282994,30.28757314134043,78.04414543716811,29.392302313609946,True,False,20296.131182056666,29904.058336028604,80104.24785411387,-39511.985490000545,False,False,195.8688278784432,False,True,89.81567952582219,60.56814766801572,False,False,438819.24544104503,-438819.24544104503,833829.806528651,True,False,32.0,60.0,False,True
2024-07-01,3432.607421875,3560.075439453125,2826.014404296875,3231.295654296875,496826192549,ETH-USD,20543.307140176705,17525.23589863577,3018.071241540936,2107.5627387624536,910.5085027784826,True,False,50.32258149925374,False,False,0.4635969996452331,71946.4609375,4.490634888285171,32.301165344950384,30.95877054254375,34.985954949763645,30.502252541886527,True,False,20451.41038890481,29801.697182176074,80054.80475325696,-39151.983975447336,False,False,-85.54323877652236,True,False,4.490634888285171,33.02573003451736,False,False,444061.1678991999,-444061.1678991999,846187.2582985733,True,False,28.0,56.0,False,True
2024-07-01,146.4812774658203,193.73228454589844,122.44230651855467,171.82615661621094,83075648942,SOL-USD,17409.23314270586,16239.798139967654,1169.435002738206,1919.9371915576041,-750.502188819398,False,True,43.178202727981514,False,False,0.4635969996452331,71907.8515625,0.23831008810775026,21.61354692600284,27.843696003696778,9.153248770614965,30.418200060925006,True,False,17400.08255611062,28506.154172024973,74412.39090016056,-39612.22578793933,False,False,-99.23223370330338,True,False,0.23831008810775026,31.514874834071705,False,False,347461.1465368952,-347461.1465368952,830939.7301953057,True,False,24.0,52.0,False,True
2024-07-01,0.4754720032215118,0.6579110026359558,0.3911390006542206,0.6239389777183533,52964472218,XRP-USD,14730.98557290153,15036.896347301732,-305.91077440020126,1474.767598366043,-1780.6783727662444,False,True,49.60960690388539,False,False,0.3911390006542206,71907.8515625,0.00032374940749270805,14.409139200471058,23.36551040262154,-3.503603203829904,3.404289294946715,True,False,17233.017769172788,28602.508807610746,74438.03538439429,-39971.999846048704,False,False,-99.99720903805017,True,False,0.00032374940749270805,1.576422908600138,False,False,341282.8884769763,-341282.8884769763,813926.831098357,True,False,20.0,96.0,False,True
2024-08-01,171.82566833496094,172.68980407714844,110.60955810546876,135.37425231933594,100993272262,SOL-USD,12485.506908196578,13933.079895821555,-1447.572987624977,890.2994811678392,-2337.872468792816,False,True,50.001098195266444,False,False,0.3911390006542206,71907.8515625,0.1877178147075394,9.668665405216553,18.79989540348654,-8.593794591323423,1.2888648950111823,True,False,13673.104059913754,25808.97248558379,65291.04903108133,-37944.84091125382,False,False,-98.86544038557294,True,False,0.1877178147075394,0.14211721740759412,True,False,341123.8443747163,-341123.8443747163,796843.731186402,True,False,16.0,92.0,False,True
2024-08-01,0.6239339709281921,0.6416190266609192,0.4334920048713684,0.5663130283355713,46339369641,XRP-USD,10564.746816632232,12901.041852651686,-2336.2950360194536,244.98057773038065,-2581.275613749834,False,True,50.000008649024174,False,False,0.3911390006542206,71907.8515625,0.00024361036622578853,6.445858140266444,14.681882982413176,-10.026191544027022,-94.73327921394892,False,True,13490.739553299547,25896.276624166087,65283.29280163172,-38301.81369503263,False,False,-99.99501477230469,True,False,0.00024361036622578853,0.06276172482708596,False,False,341123.847967812,-341123.847967812,779760.5669520339,True,False,12.0,88.0,False,True
2024-08-01,64625.83984375,65593.2421875,49121.23828125,58969.8984375,1043105485208,BTC-USD,18011.69321984266,16313.549747825635,1698.1434720170237,535.6131565877093,1162.5303154293142,True,False,56.67151521126548,False,False,0.3911390006542206,71907.8515625,82.00749539922303,31.63307055991864,20.332278841581665,54.23465399659259,-38.69449395386515,False,True,16429.090768662096,27587.978011911066,71605.04679248422,-38746.86525516004,False,False,466.0242217646463,False,True,82.00749539922303,27.398485608098934,False,False,458780.3853484137,-458780.3853484137,790146.0793736029,True,False,8.0,84.0,False,True
2024-08-01,3231.248779296875,3241.77734375,2122.546142578125,2513.393798828125,535770895767,ETH-USD,15627.339462763499,15291.31597382582,336.02348893767885,495.6952230577033,-159.67173412002444,False,True,42.46045167173022,False,False,0.3911390006542206,69987.5390625,3.590663049413517,22.285601389750266,20.983386357637865,24.890031453975062,-37.043388897846334,False,True,16554.72899735272,27514.848296781493,71584.42559091571,-38474.96759621026,False,False,-75.59483398754449,True,False,3.590663049413517,28.53280068633426,False,False,356837.97986571275,-356837.97986571275,770871.7875560935,True,False,4.0,80.0,False,True
2024-09-01,58969.80078125,66480.6953125,52598.69921875,63329.5,879117914822,BTC-USD,22966.133391569114,18849.699975764648,4116.433415804466,1219.8428616070557,2896.59055419741,True,False,56.95906265275394,False,False,0.3911390006542206,69987.5390625,90.48676898538902,45.01932392162985,28.995365545635195,77.06724067361915,27.236043894927164,True,False,16689.36122391522,27747.50199328935,72184.36521049391,-38805.642762663476,False,False,204.10480686882218,False,True,90.48676898538902,58.69497581134186,False,False,447726.2872736369,-447726.2872736369,763400.4182043428,True,False,0.0,76.0,False,True
2024-09-01,2513.42431640625,2728.067626953125,2150.86328125,2603.062744140625,438144022015,ETH-USD,19833.35329196473,17646.245366014722,2187.1079259500075,1413.295874475646,773.8120514743614,True,False,50.2512129179127,False,False,0.3911390006542206,66480.6953125,3.9149514092889164,31.317866417516203,29.769532502928865,34.414534246690884,30.29943220120293,True,False,16668.90001786053,27758.267179264934,72185.4343763904,-38847.634340669334,False,False,-87.75526726377313,True,False,3.9149514092889164,32.66412781469715,False,False,451355.53957117454,-451355.53957117454,756419.0195230198,True,False,12.0,72.0,False,True
2024-09-01,135.37425231933594,161.62306213378906,121.05538177490234,152.61846923828125,61746399244,SOL-USD,16805.5479346222,16350.42115143869,455.12678318350845,1221.6620562172186,-766.5352730337102,False,True,50.01560707914596,False,False,0.3911390006542206,66480.6953125,0.22898109768021865,20.95490464423754,26.831323216698422,9.202067499315774,94.60035695476998,True,False,16670.182805946468,27757.463076495194,72185.10895893685,-38844.74334704392,False,False,-99.28218412780028,True,False,0.22898109768021865,31.543567164119384,False,False,451644.8296664016,-451644.8296664016,771962.4932422626,True,False,8.0,68.0,False,True
2024-09-01,0.5663120150566101,0.6622059941291809,0.5058959722518921,0.6114919781684875,33812260098,XRP-USD,14220.173097292347,15139.324139626799,-919.1510423344516,793.4994365068846,-1712.6504788413363,False,True,49.98503546958933,False,False,0.3911390006542206,66480.6953125,0.0003314560308556846,13.970046914835313,22.544231116077384,-3.17832148764883,7.288928219624734,True,False,16670.188377293944,27757.4595545479,72185.10748638974,-38844.73073180186,False,False,-99.99712394905812,True,False,0.0003314560308556846,1.3814213209999968,False,False,451275.9034746459,-451275.9034746459,788701.8259586728,True,False,4.0,64.0,False,True
2024-10-01,63335.60546875,73577.2109375,58895.20703125,70215.1875,993732418048,BTC-USD,22834.790697708908,19219.017721876666,3615.772975832242,1357.954144371956,2257.8188314602858,True,False,50.7611404757773,False,False,0.4334920048713684,73577.2109375,95.43059161568941,41.12356181512001,28.737341349091594,65.89600274717685,37.732825212878055,True,False,20180.92186229527,29896.082016989683,79973.08589627463,-39611.2421716841,False,False,203.49243586784334,False,True,95.43059161568941,31.886634723133493,False,False,461103.41463536024,-461103.41463536024,807987.9539556953,True,False,96.0,60.0,True,False
2024-10-01,2603.26416015625,2765.549560546875,2311.02783203125,2515.79931640625,500885085548,ETH-USD,19708.792023662343,17981.74228443441,1727.0497392279322,1431.7732633431513,295.2764758847809,True,False,49.90893924812701,False,False,0.4334920048713684,73577.2109375,3.4186952891008775,28.555272973113635,28.67665189043227,28.312515138476364,-24.67692941331204,False,True,16932.141124990583,27951.48149366092,72835.10411231242,-38970.82186233126,False,False,-89.12610136149213,True,False,3.4186952891008775,32.94987278694038,False,False,459755.3956621459,-459755.3956621459,827478.8394563051,True,False,92.0,56.0,True,False
2024-10-01,152.61846923828125,183.03944396972656,133.55316162109375,168.42999267578125,80693058892,SOL-USD,16702.58248043364,16662.237670230068,40.344810203572706,1153.4875727152355,-1113.1427625116628,False,True,42.75378109990049,False,False,0.5058959722518921,73577.2109375,0.22822997660570774,19.112925307610993,25.488743029491843,6.361289863849294,-27.118285652876057,False,True,16752.561294057967,28051.919408925347,72856.40011190866,-39351.27752379273,False,False,-98.66423834692633,True,False,0.22822997660570774,33.02583896046533,False,False,343893.41151820763,-343893.41151820763,813918.006038757,True,False,88.0,52.0,True,False
2024-10-01,0.6114919781684875,0.6335890293121338,0.4935849905014038,0.5092369914054871,34606781409,XRP-USD,14133.032750673297,15428.035564064241,-1295.0028133909436,663.7894954939998,-1958.7923088849434,False,True,49.57877656354559,False,False,0.4935849905014038,73577.2109375,2.127303509491159e-05,12.741957296085694,21.239814451689792,-4.253757015122503,-27.270018264814826,False,True,16744.304870378972,28057.0821519645,72858.46917430797,-39369.859433550024,False,False,-99.99581753600334,True,False,2.127303509491159e-05,1.2156488462472266,False,False,338651.11843879736,-338651.11843879736,798859.4275444138,True,False,84.0,48.0,True,False
2024-11-01,0.5092369914054871,1.954906940460205,0.4936519861221313,1.94412100315094,240464639434,XRP-USD,11959.019115339428,14285.362123837494,-2326.3430084980664,65.76299469558651,-2392.106003193653,False,True,49.97767308681846,False,False,0.4935849905014038,73577.2109375,0.0019714606261923185,8.495295350932526,16.991641418104038,-8.497396783410498,3.0407431323198253,True,False,16744.378302279114,28057.036024911413,72858.45035210194,-39369.693747543715,False,False,-99.98399954877605,True,False,0.0019714606261923185,0.07674090342233165,False,False,338152.34184541873,-338152.34184541873,797529.5983027742,True,False,80.0,44.0,True,False
2024-11-01,168.4302215576172,263.83154296875,155.16552734375,237.7437438964844,189637241339,SOL-USD,10155.745981271282,13244.79779939742,-3089.0518181261377,-565.1999678687584,-2523.8518502573793,False,True,50.03115841241185,False,False,0.4935849905014038,73577.2109375,0.32245276419346947,5.771014488686173,13.251432441631417,-9.189821417204314,-95.79900467587493,False,True,16748.94086484015,28054.202137925582,72857.34514069132,-39359.46341101101,False,False,-98.0496718712308,True,False,0.32245276419346947,0.10814849928491892,True,False,338926.6221570117,-338926.6221570117,797192.9888284936,True,False,76.0,40.0,True,False
2024-11-01,70216.8984375,99655.5,66803.6484375,96449.0546875,2055808875264,BTC-USD,23431.639628383393,19408.076087405017,4023.5635409783754,352.5527339006683,3671.010807077707,True,False,60.10459790738433,False,False,0.4935849905014038,99655.5,96.78245436145288,36.10816111294174,20.870341998734858,66.5837993413555,12.399783607615454,True,False,18437.47895077765,31738.492681039,81914.46431285565,-45039.50641130035,False,True,482.3428159385391,False,True,96.78245436145288,32.368959528757514,False,False,573139.2744179283,-573139.2744179283,830338.0502632383,True,False,96.0,36.0,True,False
2024-11-01,2515.870361328125,3739.934814453125,2359.578125,3705.705322265625,1029930619790,ETH-USD,20396.880504365276,18244.937512209508,2151.9429921557676,712.4307855516881,1439.5122066040794,True,False,50.32547357796553,False,False,0.4935849905014038,99655.5,3.718038732389329,25.311453652757603,22.350712550075773,31.23293585812126,15.764017333999483,True,False,18451.11975888312,31731.762398719464,81914.64455632205,-45012.40503855581,False,False,-77.8903310898566,True,False,3.718038732389329,33.60764861934523,False,False,582997.4784352949,-582997.4784352949,864891.4260443073,True,False,92.0,32.0,True,False
2024-12-01,96461.3359375,108268.4453125,91317.1328125,93429.203125,2057355570135,BTC-USD,31632.622446001387,23814.142372416212,7818.480073585175,2133.6406431583855,5684.8394304267895,True,False,52.87186649198559,False,False,0.4935849905014038,108268.4453125,86.29396608070351,45.63895779540624,30.113460965185926,76.68995145584688,45.33638817107665,True,False,19891.617415133118,34473.411737002665,88838.44088913845,-49055.20605887221,False,True,189.21844318352535,False,True,86.29396608070351,62.26481972484857,False,False,586421.1112477949,-586421.1112477949,883125.8154585045,True,False,96.0,28.0,True,False
2024-12-01,3706.619873046875,4106.95556640625,3098.20361328125,3332.53173828125,1118659048135,ETH-USD,27278.762337121367,22296.986029146956,4981.776307974411,2703.267776121591,2278.50853185282,True,False,50.0646429636077,False,False,0.4935849905014038,108268.4453125,3.0775849179052313,31.451833502905902,30.55958514442592,33.23633021986587,46.009834404167776,True,False,19896.679219332338,34470.84405226114,88838.36732385462,-49045.00888518995,False,False,-89.85819762179894,True,False,3.0775849179052313,31.029863243666025,False,False,585631.9737617458,-585631.9737617458,915810.6717293663,True,False,92.0,24.0,True,False
2024-12-01,237.74383544921875,246.4186553955078,175.90516662597656,189.2644805908203,159276925291,SOL-USD,23111.147282270515,20659.377025550206,2451.7702567203087,2652.9682722413345,-201.1980155210258,False,True,44.51825331709367,False,False,0.4935849905014038,108268.4453125,0.1743552848172657,21.02600743020969,27.381725906353847,8.314570477921386,97.07601490265631,True,False,19897.551135531066,34470.31908297882,88838.18930148872,-49043.08703042658,False,False,-99.42456332956465,True,False,0.1743552848172657,29.84863542780867,False,False,486978.52658331394,-486978.52658331394,921418.1344878916,True,False,88.0,20.0,True,False
2024-12-01,1.9441059827804563,2.864886999130249,1.8536369800567627,2.080127954483032,460831398702,XRP-USD,19555.906181606508,19129.20688498756,426.6992966189464,2207.714477116857,-1781.0151804979105,False,True,49.74766077643161,False,False,0.4935849905014038,108268.4453125,0.0014653855907190935,14.017826748670034,22.927092853792576,-3.800705461575049,1.924448668971962,True,False,19897.623944979907,34470.27484553479,88838.17363604948,-49042.92574608968,False,False,-99.99366805107309,True,False,0.0014653855907190935,1.0844685294377387,False,False,482862.8616141422,-482862.8616141422,925919.1804940299,True,False,84.0,16.0,True,False
2025-01-01,2.0801210403442383,3.388071060180664,2.079150915145874,3.0354199409484863,287233890443,XRP-USD,16547.772218273345,17712.453443132257,-1164.6812248589122,1533.235336721703,-2697.916561580615,False,True,49.98541861603469,False,False,0.4936519861221313,108268.4453125,0.0023476642125791285,9.346000387184215,18.400062031589787,-8.762122901626928,-1.7424998937069318,False,True,19891.007003360988,34474.2805539943,88839.5681113496,-49057.55410462761,False,False,-99.98190722201629,True,False,0.0023476642125791285,0.059389444873521303,False,False,482582.44189832895,-482582.44189832895,930338.8393843053,True,False,80.0,12.0,True,False
2025-01-01,93425.1015625,109114.8828125,89260.1015625,102405.0234375,1668843382017,BTC-USD,29756.58009815437,23985.977146418758,5770.602951735611,2380.7088597244847,3389.8940920111263,True,False,58.323197438780156,False,False,1.8536369800567627,109114.8828125,93.85054248268878,37.51418108568574,24.771435049621772,62.999673157813675,-29.32112689156104,False,True,25011.22985958457,38709.20195909122,102429.63377776701,-52407.17405859786,False,False,208.19955472475235,False,True,93.85054248268878,31.28478517749736,False,False,624401.1914696012,-624401.1914696012,955071.0233835847,True,False,96.0,8.0,True,False
2025-01-01,3332.406494140625,3743.941650390625,2920.5927734375,3298.26513671875,816020167432,ETH-USD,25686.07010408735,22453.554034589128,3232.5160694982224,2551.070301679232,681.4457678189901,True,False,44.80512639044348,False,False,1.8536369800567627,109114.8828125,3.0210979611207236,26.016486710830737,25.18645227002476,27.676555592442696,-30.11252126788191,False,True,22227.64819454551,38136.140572564356,98499.92933967421,-54044.6329505832,False,False,-81.88267460964558,True,False,3.0210979611207236,32.291329369340694,False,False,525410.798403195,-525410.798403195,964257.7924932753,True,False,92.0,4.0,True,False
2025-01-01,189.2669219970703,294.3349609375,170.6289825439453,231.63790893554688,217282875112,SOL-USD,21770.003612525536,20807.486173429603,962.5174390959328,2233.3597291625724,-1270.8422900666396,False,True,49.80289723444482,False,False,1.8536369800567627,109114.8828125,0.21059288124597622,17.41452210096915,22.595808880339558,7.051948542228338,-30.083148126794836,False,True,22113.56040005088,38201.57854223052,98516.71748451192,-54289.596684410164,False,False,-98.69043952203641,True,False,0.21059288124597622,32.36074444168516,False,False,523047.82875946595,-523047.82875946595,973299.5686500352,True,False,88.0,0.0,True,False
2025-02-01,102402.796875,102755.7265625,78248.9140625,84373.0078125,1257276788562,BTC-USD,31401.235027906223,25516.04333187926,5885.191696026963,2963.7261225354505,2921.4655734915123,True,False,56.36728636822519,False,False,1.8536369800567627,109114.8828125,77.32454576052503,37.384529987487774,27.525382582722298,57.10282479701872,30.811513407149754,True,False,23165.735790675877,39658.53934273774,102482.81447615137,-56151.34289479961,False,False,166.00280290351193,False,True,77.32454576052503,26.852078867630578,False,False,697743.0160284042,-697743.0160284042,1023849.512151492,True,False,84.0,4.0,True,False
2025-02-01,3298.822265625,3329.6552734375,2076.169921875,2237.9052734375,759605849746,ETH-USD,26914.56891183411,23791.73680903172,3122.8321028023893,2995.5473185888386,127.28478421355067,True,False,50.150525439650906,False,False,1.8536369800567627,109114.8828125,2.049298469076975,25.60611948135084,26.885628215598476,23.047102012855568,33.01868025566233,True,False,23147.47791714072,39668.586944657174,102484.65180645508,-56189.69597217363,False,False,-93.0264813848485,True,False,2.049298469076975,26.52814570361599,False,False,706695.4827964306,-706695.4827964306,1076427.2784882965,True,False,80.0,0.0,True,False
2025-02-01,231.64060974121097,233.86383056640625,125.74221801757812,148.03001403808594,134531484487,SOL-USD,22796.63985063472,22040.351120513675,756.2887301210467,2547.69560089528,-1791.4068707742335,False,True,50.00980068944275,False,False,1.8536369800567627,109114.8828125,0.13396784798531153,17.115402270228998,23.628886233808647,4.0884343430697,-7.972187732115449,False,True,23147.248494380714,39668.72694764979,102484.70238968029,-56190.205400918865,False,False,-99.5390719558697,True,False,0.13396784798531153,26.50260402586244,False,False,707457.3424935341,-707457.3424935341,1129185.1357237417,True,False,76.0,36.0,True,False
2025-02-01,3.035398006439209,3.0685110092163086,1.9486210346221924,2.145595073699951,212973110334,XRP-USD,19289.79458054841,20407.891451962565,-1118.0968714141563,1814.537106433393,-2932.6339778475494,False,True,49.98419215675689,False,False,1.8536369800567627,109114.8828125,0.00026757399721122463,11.41035737148507,19.556043279700788,-4.881014444946366,-9.800872655407627,False,True,23147.325199535488,39668.67983612418,102484.68487178386,-56190.034472712876,False,False,-99.98574213197351,True,False,0.00026757399721122463,0.7278446303531658,False,False,706689.1558817455,-706689.1558817455,1181722.6405415607,True,False,72.0,32.0,True,False
2025-03-01,2237.942138671875,2548.811767578125,1760.9417724609375,1982.099853515625,394618774086,ETH-USD,16627.07231485106,19043.018000225755,-2415.945685374696,968.4405480717753,-3384.386233446471,False,True,42.74405538297125,False,False,1.9486210346221924,109114.8828125,1.8147722331491354,8.211828992039758,15.77463851714711,-6.913790058174946,-8.833248467927122,False,True,19735.67081721127,38318.79738581057,96373.26558883241,-56901.92395440987,False,False,-86.63374844931634,True,False,1.8147722331491354,0.6496692183772194,True,False,477660.71611472534,-477660.71611472534,1168082.846498246,True,False,68.0,28.0,True,False
2025-03-01,148.03021240234375,178.6346435546875,113.189208984375,127.49718475341795,88875474817,SOL-USD,14088.676140989883,17641.868310190766,-3553.1921692008837,64.11400461724357,-3617.3061738181273,False,True,49.68055919333885,False,False,1.9486210346221924,109114.8828125,0.11506295257213965,5.512906978883884,12.354061337726035,-8.169401738800417,-95.38246584493241,False,True,19616.25571062863,38378.959235596536,96374.1741818217,-57141.662760564446,False,False,-99.13921772718616,True,False,0.11506295257213965,0.6433675865728288,False,False,468268.49286556244,-468268.49286556244,1151692.9914168557,True,False,64.0,24.0,True,False
2025-03-01,84373.8671875,95043.4375,76624.25,84167.1953125,797305124186,BTC-USD,24869.98678276067,22569.67031036182,2300.3164723988484,511.35449817356454,1788.961974225284,True,False,49.164666675858044,False,False,1.9486210346221924,102755.7265625,81.90963717111295,30.978483709626904,18.562202128359658,55.8110468721614,-38.03914530207036,False,True,23816.19397661984,40666.656442290114,105149.50686120006,-57517.11890796039,False,False,469.56396987801793,False,True,81.90963717111295,27.946490785611406,False,False,478753.3142941339,-478753.3142941339,1136311.8775663327,True,False,60.0,20.0,True,False
2025-03-01,2.145608901977539,2.9667201042175293,1.9165899753570557,2.434674024581909,140729546487,XRP-USD,21044.20953526281,20898.023226188692,146.18630907411716,438.3208603536751,-292.1345512795579,False,True,49.6964127706541,False,False,1.9165899753570557,102755.7265625,0.0005041993570490321,20.652490539536952,19.258964932085423,23.439541754440008,-2.269620298247955,False,True,23816.290248471498,40666.597097313344,105149.48444309819,-57516.90394615519,False,False,-99.9830982932864,True,False,0.0005041993570490321,27.341734774347376,False,False,471555.44412987574,-471555.44412987574,1120015.2304760658,True,False,56.0,16.0,True,False
